"new_name","original","source"
"src-001.md","25年中医治疗项目调整培训20250718.md","staging-binary-md"
"src-002.md","7月25日沁宇堂检查第二次-沁宇堂.md","staging-binary-md"
"src-003.md","7月25日沁宇堂检查第三次-沁宇堂.md","staging-binary-md"
"src-004.md","保龙-王惠玲-优化管理之降本增效.md","staging-binary-md"
"src-005.md","栋安-张奇-医疗质控标准化体系分享.md","staging-binary-md"
"src-006.md","奉贤-邵晓婷-强监管下医院的应对体系.md","staging-binary-md"
"src-007.md","关于规范调整本市中医类医疗服务价格项目的通知.md","staging-binary-md"
"src-008.md","关于印发2022年医保信息安全检查计划的通知.md","staging-binary-md"
"src-009.md","嘉定区定点医疗机构履约考核自查指标.md","staging-binary-md"
"src-010.md","内部培训材料-上海市部分医疗服务价格项目立项指南落地实施政策培训-20250711.md","staging-binary-md"
"src-011.md","沁宇堂7月25日-医保检查资料第一次.md","staging-binary-md"
"src-012.md","上海市产科类医疗服务价格项目立项指南映射关系-参考.md","staging-binary-md"
"src-013.md","上海市中医骨伤类医疗服务价格项目立项指南映射关系-参考.md","staging-binary-md"
"src-014.md","上海市中医类-灸法-拔罐-推拿-医疗服务价格项目立项指南映射关系-参考.md","staging-binary-md"
"src-015.md","上海市中医外治类医疗服务价格项目立项指南映射关系-参考.md","staging-binary-md"
"src-016.md","上海市中医针法类医疗服务价格项目立项指南映射关系-参考.md","staging-binary-md"
"src-017.md","数字赋能社会办医高质量发展-中医门诊治疗项目合规开展探索.md","staging-binary-md"
"src-018.md","王九佰-门诊医保管理体系20240726.md","staging-binary-md"
"src-019.md","协爱集团信息化建设的情况介绍2025-7-29.md","staging-binary-md"
"src-020.md","协爱医疗集团信息化-2025-8-1.md","staging-binary-md"
"src-021.md","医保监督检查沟通会.md","staging-binary-md"
"src-022.md","医保体系-中医治疗新项目梳理20250725.md","staging-binary-md"
"src-023.md","2025年新立项中医针法耗材对应表_Sheet1.md","staging"
"src-024.md","上海沁宇堂中医门诊部医保检查结果（本地）(1)_附表二.md","staging"
"src-025.md","上海沁宇堂中医门诊部医保检查结果（本地）(1)_附表一.md","staging"
"src-026.md","上海沁宇堂中医门诊部医保检查结果（本地）(1)_汇总表（表二）.md","staging"
"src-027.md","上海沁宇堂中医门诊部医保检查结果（本地）(1)_汇总表（表一）.md","staging"
"src-028.md","上海沁宇堂中医门诊部医保检查结果（本地）(1)_违规交易.md","staging"
"src-029.md","上海沁宇堂中医门诊部医保检查结果（本地）(1)_违规明细.md","staging"
"src-030.md","上海市中医针法类医疗服务价格项目立项指南映射关系（参考）(3)..md","staging"
